Song Name,Artist,Album
Sunburn,Muse,Showbiz
Rosemary,Deftones,Koi No Yokan
Threshold,Sex Bob-Omb,Scott Pilgrim vs. the World (Original Motion Picture Soundtrack)
Garbage Truck,Sex Bob-Omb,Scott Pilgrim vs. the World (Original Motion Picture Soundtrack)
Bu Havada Gidilmez,Manuş Baba,Ve Nazan Öncel Şarkıları
Espresso,Sabrina Carpenter,Short n' Sweet
I Don't Care,VIOLENT VIRA,I Don't Care
Başkası Mı Var,Skapova,Başkası Mı Var
Aşk Kırıntıları,Teoman,Renkli Rüyalar Oteli
Sen Ve Ben,Dolu Kadehi Ters Tut,Akustik Takılmacalar
Black Hole Sun,Soundgarden,Superunknown (Deluxe Edition)
Last Resort,Papa Roach,Infest
Chop Suey!,System Of A Down,Toxicity
My Love Mine All Mine,Mitski,The Land Is Inhospitable and So Are We
WILDFLOWER,Billie Eilish,HIT ME HARD AND SOFT
Beanie,Chezile,Beanie
Exploring Yourself With a Knife,April Rain,Waiting for Sunrise
One Is Glad to Be of Service,April Rain,One Is Glad to Be of Service
Cherry-coloured Funk,Cocteau Twins,Heaven or Las Vegas
Angel,Massive Attack,Mezzanine
Hear Me Roar - Acoustic,NerdOut,Hear Me Roar (Acoustic)
The King Is Dead,J.T. Peterson,Petrichor
The Lovecats,The Cure,Japanese Whispers
"Kamado Tanjirou no Uta (From ""Demon Slayer: Kimetsu no Yaiba"") [Full Version]",Akano,"Kamado Tanjirou no Uta (From ""Demon Slayer: Kimetsu no Yaiba"") [Full Version]"
Eyes Blue Like The Atlantic (feat. Subvrbs),Sista Prod,Eyes Blue Like The Atlantic (feat. Subvrbs)
Gözlerin,kerem,Gözlerin
Kalbin bana kaldı,ALIZADE,Kalbin bana kaldı
Kuchalara Soo Sapmisham,Rashid Beibutov,Arshin Mul Ullun
Viva Nao Mais,Freddie Dredd,Viva Nao Mais
BLUE,Billie Eilish,HIT ME HARD AND SOFT
Manidar,Son Feci Bisiklet,Sistemik
Eski Günler,Yabancılar,Eski Günler
Helal All Day,BEGE,YBF
Son Yaz Günü,Holistic Tsunami,Son Yaz Günü
O Gece,Yabancılar,O Gece
Evet Öyleyim,Kilink,Sahibinin Sesi
Çok Zor,BEGE,YBF
Galaksi,BEGE,YBF
Apart,The Cure,Wish
Neyin Nesi,Dolu Kadehi Ters Tut,Neyin Nesi
Weird Fishes/ Arpeggi,Radiohead,In Rainbows
Fool,Frankie Cosmos,Next Thing
Hayalet,BEGE,YBF
Manifest,BEGE,YBF
Mümkünse,BEGE,YBF
2T1BB,BEGE,2T1BB (ft. Yung Ouzo)
ELLERİM BOŞ,M Lisa,ELLERİM BOŞ
Şiir Oldum,Emre Nalbantoğlu,EN KRAL CEKET BENİM
Çünkü Başka Sen Yok,Kalben,Çünkü Başka Sen Yok
Torna,Son Feci Bisiklet,Sistemik
Yalnız Başıma,Skapova,Yalnız Başıma
Bildiğim Gibi,Deeperise,Bildiğim Gibi
Broken,Lund,Broken
Yaşamak,Kum,Yaşamak
House Of Balloons / Glass Table Girls,The Weeknd,Trilogy
Yol,Kayra,Bütün Ayazların Ortasında
hayalet kız,insanlar gerçek olsa,YALNIZLAR NE DİNLER
gökkuşağında,uclercagri,gökkuşağında / o
Seni Dert Etmeler,jesp,Seni Dert Etmeler
I Bet on Losing Dogs,Mitski,Puberty 2
Carpe Diem Baby,Metallica,Reload
Al 1'de Burdan Yak,Sagopa Kajmer,G.O.R.A. (Orijinal Film Müzikleri)
Tonight (demo),Amira Elfeky,Tonight (demo)
Happy Nation,Ace of Base,Happy Nation
Ölümle Yaşam Arasında,Mavi Gri,Ölümle Yaşam Arasında
Hani Benim Gençliğim,Ahmet Kaya,Yorgun Demokrat
Crying Lightning,Arctic Monkeys,Humbug
Decode,Paramore,Decode
YOK,Holistic Tsunami,YOK
Yaz Bittiğinde,Palmiyeler,İkimiz
Limonlu Kek,Kaste-Ekom,Limonlu Kek
Yo Chico,hxllfxllaa.,Yo Chico
your favorite dress,Lil Peep,CASTLES II
nuts,Lil Peep,LIVE FOREVER
Falling Down - Bonus Track,Lil Peep,"Come Over When You're Sober, Pt. 2"
white tee,Lil Peep,crybaby
Save That Shit,Lil Peep,"Come Over When You're Sober, Pt. 1"
Ariel,Anathema,Distant Satellites
Perfect Girl,The Cure,"Kiss Me, Kiss Me, Kiss Me"
My Mistakes Were Made For You,The Last Shadow Puppets,The Age Of The Understatement
idfc,blackbear,dead
Bol Pantolon Ve 70'lik (MRF Edit),No.1,"Canımız Cehenneme, Pt. II"
2001 (feat. Ceza & Sahtiyan),Silahsız Kuvvet,İhtiyar Heyeti
Jingle Bell Rock,Bobby Helms,Jingle Bell Rock/Captain Santa Claus (And His Reindeer Space Patrol)
Last Christmas,Wham!,LAST CHRISTMAS
Senin Yanın,kerem,Senin Yanın
Ötüken Yolu Yokuştur - ETC Production,Alperen Kekilli,Ötüken Yolu Yokuştur (ETC Production)
Nilüfer,Müslüm Gürses,Aşk Tesadüfleri Sever (Mucize ve Buluşma)
Meddle About,Chase Atlantic,Meddle About
Petrichor,J.T. Peterson,Petrichor
Yalan,Ari Barokas,Lafıma Gücenme
Cenaze I: Ölüler Konuşamaz,twexih,Hayalet Islığı
Yangın II: Sandığımdan Herkes Babam Gibi Gülecek,twexih,Hayalet Islığı
Mevsim Olmayan Mekanlar VI: Kar,twexih,Hayalet Islığı
Juliet,Cavetown,Animal Kingdom
I Bet You Look Good On The Dancefloor,Arctic Monkeys,"Whatever People Say I Am, That's What I'm Not"
Zalim,Tolga Ayaz,Zalim
Lan Oğlum Böyle Olmaz,Flört,Anadolu Beat
Baksana Talihe,Göksel,Mektubumu Buldun Mu ?
En Güzel Yerinde Evin,Büyük Ev Ablukada,Full Faça
HARMAN,BEGE,BEGEFENDİ
Englishman In New York,Sting,...Nothing Like The Sun
Shape Of My Heart,Sting,Ten Summoner's Tales
Soldier of Fortune,Deep Purple,The Platinum Collection
Son Dans,Saudade,Son Dans
Giderdi Hoşuma,Yaşlı Amca,Akşamüstü
Kıskanıyorum,İnci Çayırlı,Yeşilçam Şarkıları Vol. 3 - Yıldızların Altında
Büklüm Büklüm,Ferdi Özbeğen,Mutluluklar
"Paris, Texas (feat. SYML)",Lana Del Rey,Did you know that there's a tunnel under Ocean Blvd
Chemtrails Over The Country Club,Lana Del Rey,Chemtrails Over The Country Club
Stargirl Interlude,The Weeknd,Starboy
Young And Beautiful,Lana Del Rey,Young And Beautiful
Margaret (feat. Bleachers),Lana Del Rey,Did you know that there's a tunnel under Ocean Blvd
Paris,$uicideboy$,Now the Moon's Rising
Nothing's New,Rio Romeo,Good God!
Kill Yourself (Part III),$uicideboy$,My Liver Will Handle What My Heart Can't
Aerials,System Of A Down,Toxicity
Yaramızda Kalsın,Onur Can Özcan,Yaramızda Kalsın
Yaz Yaz Yaz,mor ve ötesi,Kayıtlar 2005-2016
Sen Ve Ben,Kilink,3 Akorun İntikamı
Lightning Song,Anathema,Weather Systems
Gemiler,Teoman,O
Renkli Rüyalar Oteli,Teoman,Renkli Rüyalar Oteli
Serseri,Teoman,Eski Bir Rüya Uğruna...
İki Yabancı,Teoman,17
We Are The People,Empire Of The Sun,Walking On A Dream
Lafı mı Olur,Kibariye,İşte Ses İşte Yorum
Motoru Yaktım,Kilink,Lanetimi Kokla Bebek
Star Shopping,Lil Peep,Star Shopping
Yaz Beni De Sever,Kilink,Kasaba
Dondurma,Kilink,Kasaba
Doin' Time,Lana Del Rey,Norman Fucking Rockwell!
Enemy (with JID) - from the series Arcane League of Legends,Imagine Dragons,Mercury - Acts 1 & 2
243803,Kilink,Lanetimi Kokla Bebek
Mesaj,Kilink,Lanetimi Kokla Bebek
Tutmayan Kuponlarım Var,Kelanei,Tutmayan Kuponlarım Var
Çöpçüler,Erkin Koray,"Çöpçüler / Ceylan / Dünden Esintiler, Vol.2"
Muhterem Hayalet,Kelanei,Muhterem Hayalet
The Beginning and the End,Anathema,Weather Systems
Paralytic,Dead Poetic,Vices
Do You Believe,Deftones,Diamond Eyes (Deluxe)
Saçlar,Kalben,Kalben
Kediler,Yüzyüzeyken Konuşuruz,Otoban Sıcağı
Gidiyor Gibiyim,Bahadır Sağlam,Mavi
Возможно,My,"Расстояние, Pt. 3"
Neanderthal,Malt,Arıza
7 Words,Deftones,Adrenaline
Cherry Waves,Deftones,Saturday Night Wrist
Nazende,Ezginin Günlügü,Alagözlü Yar (Azeri Nihavent)
Lovesong - Remastered,The Cure,Disintegration (Deluxe Edition)
Don't Go,Happy Days,Happiness Stops Here...
Kafası Kendinden Bile Güzel,Halil Sezai,Kafası Kendinden Bile Güzel
Senden Haber Yok,Palmiyeler,II (Venus)
Kusmam Gerek,Asperger,Z Kuşağı Sokağa Çıksın
Saudade,Henry The Lee,Saudade
Bu Kalp Seni Unutur Mu?,regex,Bu Kalp Seni Unutur Mu?
KURTULDUM SONUNDA,ÇOKGEÇ,KURTULDUM SONUNDA
Santa Monica,BUBBLE TEA AND CIGARETTES,There's Nothing But Pleasure
Bir Kadın Ve Bir Erkek,Teoman,İnsanlık Halleri
warm (feat. Raury),The Neighbourhood,#000000 & #FFFFFF (No DJ Version)
Haykıracak Nefesim,exactlyn0thing,MANZARAM
Can You Hear The Music,Ludwig Göransson,Oppenheimer (Original Motion Picture Soundtrack)
Bu Kalp Seni Unutur mu,Fikret Kızılok,Yana Yana
Kapatıyoruz - 3 - Verse,Şehinşah,Denetimli Serbestlik Stili (Deluxe)
Kalbimdeki Bıçak,Palmiyeler,Palmiyeler EP
Minerva,Deftones,Deftones
Sleep Walk,Deftones,Covers
Kızların En Güzeli,Kilink,Kasaba
Keşke İnsan Diye Bir Şey Olmasa,Kilink,Kasaba
Çocuk Apart,Kilink,Kasaba
Oynadığım Eski Bir Oyun Vardı,insanlar gerçek olsa,Soultracks EP
Motosikletli Kız,Teoman,Teo
Süpermarketler,Kilink,Kasaba
Bira Ve Kahve - Akustik,Grizu,Gri
Mascara,Deftones,Around the Fur
Swerve City,Deftones,Koi No Yokan
seasons,wave to earth,summer flows 0.02
canım çok acıyor fazlasıyla yorgunum,Karamel Makiyato,canım çok acıyor fazlasıyla yorgunum
Cesaretsizce Olmuyor,Jabbar,Yineleme
Bana Hiç Vermedin,Açık Seçik Aşk Bandosu,Bana Hiç Vermedin
Popon Hep Pipimde Dursun,Açık Seçik Aşk Bandosu,Şans
Kadınım,Tanju Okan,Kadınım (Kime Ne)
Ağustosun Son Günü,Kilink,Lanetimi Kokla Bebek
Karbeyaz,Palmiyeler,II (Venus)
Heart To Heart,Mac DeMarco,Here Comes The Cowboy
iki yabancı,Kum,iki yabancı
True Love Waits,Radiohead,A Moon Shaped Pool
(sic),Slipknot,Slipknot (10th Anniversary Edition)
Far Away (feat. A$AP Rocky),Yebba,Dawn
Deli,mor ve ötesi,Başıbozuk
Bu Benim Hayatım,No.1,Bu Benim Hayatım
Rüya,Devil,Elmas Şato (Remastered)
Mesafe,Yabancılar,Mesafe
İstediğin Buysa,110,Sıfır
Yad Eller,maNga,X
Olduramadım,MFÖ,Agu
Bi' Karamel Makiyato,Karamel Makiyato,Bi' Karamel Makiyato
Bir Kış Sabahı,Teoman,Rock and Roll
bir kere daha gülümsesen,Karamel Makiyato,bir kere daha gülümsesen
NO OTHER SIDE!,SARM?,NO OTHER SIDE!
My Kind of Woman,Mac DeMarco,2
Peppers (feat. Tommy Genesis),Lana Del Rey,Did you know that there's a tunnel under Ocean Blvd
Babaçko,Palmiyeler,II (Venus)
Bütün İstanbul Biliyo,İkiye On Kala,Bütün İstanbul Biliyo
Paramparça,Teoman,17
sevin,uclercagri,sevin
Ölmezdim,Güncel Gürsel Artıktay,Ölmezdim
İstemezdim,Jakuzi,Hata Payi
Kalbime Dokunup Kaçanları Affetmiyorum,Karamel Makiyato,Kalbime Dokunup Kaçanları Affetmiyorum
Özledim İşte,Karamel Makiyato,Özledim İşte
"Gözlerini Kapat Ve Kar Yağdığını Hayal Et, Gerisi Gerçek",Henry The Lee,"Gözlerini Kapat Ve Kar Yağdığını Hayal Et, Gerisi Gerçek"
Bira Ve Kahve,Grizu,Tuzla Buz
Bu Gezegen Benimki Değil,Henry The Lee,Bu Gezegen Benimki Değil
Sararmış Kağıt,Barış Kocatürk,Kesin Kesiktir
dur bidakka bişey söylemem gerek,Karamel Makiyato,dur bidakka bişey söylemem gerek
İlk ve Son Aşkım Sen Olacaksın,Ayla Dikmen,Klasikler (Orijinal Kayıtlar)
Gel Yanıma,Palmiyeler,Şeytan Odama Geldi
Bittersweet Fruit,Isaac Delusion,Rust & Gold
Half a Person - 2011 Remaster,The Smiths,Louder Than Bombs
Bye Bye Love,The Everly Brothers,The Very Best of The Everly Brothers
Neresi?,BEGE,Neresi?
Yan Yana,Yalnayak,Yan Yana
Never Had No One Ever - 2011 Remaster,The Smiths,The Queen Is Dead
I Know It's Over - 2011 Remaster,The Smiths,The Queen Is Dead
Indigo Night,Tamino,Amir
Taco Truck x VB,Lana Del Rey,Did you know that there's a tunnel under Ocean Blvd
Radio,Lana Del Rey,Born To Die - The Paradise Edition
Beş ve On Yedi,sinanılmaz,Beş ve On Yedi
West Coast,Lana Del Rey,Ultraviolence (Deluxe)
Say Yes To Heaven,Lana Del Rey,Say Yes To Heaven
Işıkları Söndürseler Bile,maNga,Işıkları Söndürseler Bile
Aldattım,Dolu Kadehi Ters Tut,Dünyanın En İyi Albümü
Doya Doya,Kalben,Kalben
Önemli Değil (Bonus),Düz Mantık,Tabi Senin Baban Zengin
Hint Kumaşı,maNga,Işıkları Söndürseler Bile
Torba Var Mı Beyler?,Kilink,3 Akorun İntikamı
Boktan Mesele,Kilink,Lanetimi Kokla Bebek
Sevgilim Nerdeydin,Kilink,Lanetimi Kokla Bebek
Dai the Flu,Deftones,Around the Fur
Ultraviolence,Lana Del Rey,Ultraviolence (Deluxe)
Божевілля двох,Mistmorn,Божевілля двох
Derine,Palmiyeler,Akdeniz
黒い涙,ANNA TSUCHIYA inspi' NANA(BLACK STONES),ANNA TSUCHIYA inspi' NANA(BLACK STONES)
Kasmicam,Lust,Kasmicam
24,Sagopa Kajmer,Bir Pesimistin Gözyaşları
Brooklyn Baby,Lana Del Rey,Ultraviolence (Deluxe)
Dealer,Lana Del Rey,Blue Banisters
Yekteniya III,PATRIARKH,Litourgiya
Snuff,Slipknot,All Hope Is Gone (10th Anniversary)
Custer,Slipknot,.5: The Gray Chapter (Special Edition)
Before I Forget,Slipknot,Vol. 3: The Subliminal Verses
Seninle Manyak Güzel Olabilirdik,Bazen Uçmak İsterim,Gerçekten Uzakta
Sleep Well,d4vd,Petals to Thorns
Entombed,Deftones,Koi No Yokan
Risk,Deftones,Diamond Eyes
"Her Akşam Votka, Rakı Ve Şarap / Sarhoş",Dario Moreno,Dario Moreno'suz 40 Yıl
Family Line,Conan Gray,Superache
Jumping Someone Else's Train,The Cure,Staring At The Sea - The Singles
10:15 Saturday Night,The Cure,Staring At The Sea - The Singles
Just Like Heaven,The Cure,"Kiss Me, Kiss Me, Kiss Me"
Friday I'm In Love,The Cure,Wish
Psychosocial,Slipknot,All Hope Is Gone (10th Anniversary)
Closer,Nine Inch Nails,The Downward Spiral (Deluxe Edition)
Oc (Aslında Alkol Hala Damarımda),Kilink,Kasaba
PRIDE.,Kendrick Lamar,DAMN.
Yalnızlık Ömür Boyu,MFÖ,Ele Güne Karşı Yapayalnız
Viski Ve Lazanya,Teoman,Gecenin Sonuna Yolculuk
Please Please Please Let Me Get What I Want - 2005 Remaster,Deftones,Covers
"Frankly, Mr. Shankly - 2011 Remaster",The Smiths,The Queen Is Dead
Ben Varım,Ayten Alpman,Ayten Alpman Klasikleri (Türk Pop Tarihi)
This Night Has Opened My Eyes - 2011 Remaster,The Smiths,Louder Than Bombs
Reenkarne,Stabil,Reenkarne
Ben Böyleyim,Ayten Alpman,Ayten Alpman Klasikleri (Türk Pop Tarihi)
Bırakma Kendini,Kaan Boşnak,Bırakma Kendini
MORE,K/DA,MORE
Toprak Yağmura - Akustik,Canozan,Dolunay
Unloveable - 2017 Master,The Smiths,The Queen Is Dead (Deluxe Edition)
Vague / E la nave va,Anja Lechner,Vague / E la nave va
SLIDE,Chase Atlantic,BEAUTY IN DEATH
Lost on You,LP,Lost on You
Decks Dark,Radiohead,A Moon Shaped Pool
2 + 2 = 5,Radiohead,Hail To the Thief
Kol Düğmeleri,Teoman,Teo
A Little Death,The Neighbourhood,"Thank You,"
Crack A Bottle,Eminem,Relapse: Refill
Compass,The Neighbourhood,Hard To Imagine The Neighbourhood Ever Changing
Reflections,The Neighbourhood,Hard To Imagine The Neighbourhood Ever Changing
Scary Love,The Neighbourhood,Hard To Imagine The Neighbourhood Ever Changing
R.I.P. 2 My Youth,The Neighbourhood,Wiped Out!
Single,The Neighbourhood,Wiped Out!
Daddy Issues,The Neighbourhood,Wiped Out!
Cry Baby,The Neighbourhood,Wiped Out!
On the Nature of Daylight,Max Richter,The Blue Notebooks (15 Years)
"The Gadfly Suite, Op. 97a: X. Nocturne - Live",Dmitri Shostakovich,A Season of Music: Shostakovich
Melancholy Man,The Moody Blues,A Question Of Balance
In My Feelings,Lana Del Rey,Lust For Life
Anlamazdın,Rana Türkyılmaz,Anlamazdın
Eksik,Batu Akdeniz,Eksik
Ask - 2011 Remaster,The Smiths,Louder Than Bombs
How Soon Is Now? - 2011 Remaster,The Smiths,Hatful of Hollow
Reel Around the Fountain - 2011 Remaster,The Smiths,The Smiths
Deliyim Ben,Dolu Kadehi Ters Tut,Polonya'nın Başı Belada
Blow Out,Radiohead,Pablo Honey
Stop Smoking (We Love You),Car Seat Headrest,Twin Fantasy
"You're On Your Own, Kid",Taylor Swift,Midnights
Snap Out Of It,Arctic Monkeys,AM
Knee Socks,Arctic Monkeys,AM
Yara,Kalben,Sonsuza Kadar
Sad Girl,Lana Del Rey,Ultraviolence (Deluxe)
senden uzak,Mavi,VERITAS
İstanbul'da Sonbahar,Teoman,Gönülçelen
All I Need,Radiohead,In Rainbows
24/7,ALIZADE,24/7
All I Wanted,Paramore,Brand New Eyes
I Was Never There,The Weeknd,"My Dear Melancholy,"
Fake Plastic Trees,Radiohead,The Bends
Beni Bana Bırak,Lia Shine,Bir Şeytan Masalı
Exit Music (For A Film),Radiohead,OK Computer
How to Disappear Completely,Radiohead,Kid A
Party Monster,The Weeknd,Starboy
Deep - Remastered,Anathema,Judgement (Remastered)
Venus,Palmiyeler,II (Venus)
Öyle Sarhoş Olsam ki,Tanju Okan,Bir Zamanlar (Best Of)
Bana Öyle Bakma,Teoman,Aşk & Gurur
Die For You,The Weeknd,Starboy
Nilüfer,Yaşlı Amca,Yaşlı Amca
Ona Gitme - Akustik,Batu Akdeniz,Ona Gitme (Akustik)
Alamet,Rana Türkyılmaz,Alamet
Kayboldun,Anıl Emre Daldal,Kayboldun
17,Teoman,17
Birden Geldin Aklıma,Tuna Kiremitçi,Tuna Kiremitçi ve Arkadaşları
Charlotte Sometimes,The Cure,Staring At The Sea - The Singles
Pictures Of You - Remastered,The Cure,Disintegration (Deluxe Edition)
Be Quiet and Drive (Far Away),Deftones,Around the Fur
My Own Summer (Shove It),Deftones,Around the Fur
Jigsaw Falling Into Place,Radiohead,In Rainbows
Change (In the House of Flies),Deftones,White Pony
No Surprises,Radiohead,OK Computer
Creep,Radiohead,Pablo Honey
"Kawaki wo Ameku (From ""Domestic na Kanojo"") - Full Version",Akano,"Kawaki wo Ameku (From ""Domestic na Kanojo"") [Full Version]"
Shy Away,Twenty One Pilots,Scaled And Icy
My Name Is,Eminem,Curtain Call: The Hits (Deluxe Edition)
Interlude: I'm Not Angry Anymore,Paramore,Paramore
Mockingbird,Eminem,Encore (Deluxe Version)
Bir Sevmek Bin Defa Ölmek Demekmiş,Barış Akarsu,Ayrılık Zamansız Gelir
Cinnet,Dekadans,Cinnet
Gibi,Hidra,Holigan
I Wanna Cry,Seori,?depacse ohw
ben bugün ülkemden gitmek istedim,Frxzbie,ben bugün ülkemden gitmek istedim
Still Got The Blues,Gary Moore,Still Got The Blues
Mesela Yani,Kayra,Mesela Yani
Ay Tenli Kadın,Ufuk Beydemir,Sevda Gibi
SittingInTheCar,surrenderdorothy,SittingInTheCar
BeCarefulUpThere,surrenderdorothy,BreathingExercise
Farkındayım,Teoman,Sabih Cangil 50. Yıl
Rahatsız Vals,Son Feci Bisiklet,Rahatsız Vals
Seni Gördüm Rüyamda,Canozan,Seni Gördüm Rüyamda
"Please, Please, Please, Let Me Get What I Want - 2011 Remaster",The Smiths,Hatful of Hollow
sanki hevesim hiç kırılmamış gibi,Berkay Altunyay,sanki hevesim hiç kırılmamış gibi
Kapanis Konusmasi,Kafabindünya,Obi
This Is The Life,Amy Macdonald,This Is The Life (eDeluxe)
we fell in love in october,girl in red,we fell in love in october / October Passed Me By
Binlerce Ozur,Kafabindünya,Obi
Yapma N'olursun,Dolu Kadehi Ters Tut,Polonya'nın Başı Belada
gözlerindeki ay,Mavi,gözlerindeki ay
Kar,Farazi,Hayalet Islığı (Instrumentals)
Without Me,Eminem,The Eminem Show
The Real Slim Shady,Eminem,The Marshall Mathers LP
Die For You (with Ariana Grande) - Remix,The Weeknd,Starboy (Deluxe)
After Hours,The Weeknd,After Hours
Hep Kahır,Cem Karaca,Merhaba Gençler
Bu Aşk Fazla Sana,Şebnem Ferah,Kadın
Saat 03:00,Teoman,Teo
Mor Yazma,Umut Kaya,Umut Kaya
Haydi Gel İçelim,Yüksek Sadakat,Katil & Maktül
Je veux,Zaz,Zaz
Bırak Kadının Olayım,Şebnem Ferah,Kadın
Vals,Duman,Duman 2
Kendimi Vurdum,Şanışer,Umut
Uyu Bebeğim,Pera,Sevda Beladır
Lost Cause,Billie Eilish,Happier Than Ever
Hatıralar,Barış Akarsu,Ayrılık Zamansız Gelir
Butch 4 Butch,Rio Romeo,Butch 4 Butch
Sleeping Beauty Syndrome,April Rain,Mirror of Ether
6patlar,Son Feci Bisiklet,Sistemik
What Could Have Been feat. Ray Chen (from the series Arcane League of Legends),Sting,Arcane League of Legends (Soundtrack from the Animated Series)
Aşk Nerden Nereye,Gripin,Yalnızlığın Çaresini Bulmuşlar
White Rabbit,Jefferson Airplane,Surrealistic Pillow
End of Beginning,Djo,DECIDE
Darkwood 1,David Darling,Cello
Altüst Olmuşum,Mavi Gri,Altüst Olmuşum
Intolewd,Matt Maltese,Krystal
Alışkanlık Değilsin,Yedinci Ev,Şimdi
Birileri Anlatsın Bana,Yedinci Ev,Şimdi
Utanıyorum Halimden,Yedinci Ev,Şimdi
Derinden / bazen hayat çok kötü gidiyor ve ben onu nasıl anlatacağımı bilemiyorum,Barış Diri,Derinden / bazen hayat çok kötü gidiyor ve ben onu nasıl anlatacağımı bilemiyorum
Boşver Be,Skapova,Boşver Be
Diet Mountain Dew,Lana Del Rey,Born To Die - The Paradise Edition
Ölmeden,Lin Pesto,SON
Kuytu Köşelerde - Live,Şanışer,Kuytu Köşelerde (Live)
Suç,Aspova,Matrix (Red)
Güzel Bir Kadın,Vera,Bir Yangın Var
sen gidince kaldım öyle lan,Karamel Makiyato,sen gidince kaldım öyle lan
Zaferlerim,Demir Demirkan,2004 Istanbul
Ben Hala Vazgeçmedim,Skapova,Ben Senden Vazgeçtim
Unutulur Değil Mi?,Rana Türkyılmaz,Unutulur Değil Mi?
Görünce Dünyamın Yıkıldığını,Şanışer,Görünce Dünyamın Yıkıldığını
Ben Ölmeden Önce,Fatih Erdemci,Yaşamak Zor
Geçmişin Yükü,Pentagram,Akustik
Sonsuz,Pentagram,Akustik
İyi Edersin,Prenslerin Öcü,Mega Tekliler
Sur,Pentagram,Makina Elektrika
My Woman,Gülce Duru,Kaybedenler Kulübü (FİLM MÜZİKLERİ)
Seytan Bunun Neresinde,Pentagram,Bir
Kanatlarım Olsa,Kramp,İstanbul Sokakları
Kadıköy Kızı,Yüzyüzeyken Konuşuruz,Akustik Travma
Şaraplar ve Kadınlar,Mert Şenel,Şaraplar ve Kadınlar
Bloody Mary,Lady Gaga,Born This Way (International Special Edition Version)
Devotion And Desire,Bayside,Bayside
Kill Bill,SZA,SOS
Soğuk Şarap,Kendimden Hallice,Soğuk Şarap
Ah Aman Aman,Kirli,Ah Aman Aman
dreamy night,LilyPichu,dreamy night
Dursun Zaman (feat. Göksel),maNga,maNga +
Ne İçin Yaşıyorum,Şanışer,Otuzuncu Gün
Peşimde Kara Geceler - Live,Şanışer,Peşimde Kara Geceler (Live)
İyileşiyorum,Sertab Erener,Sade
Separate Ways,Eva Under Fire,Blow EP
Serseri Bey,Stabil,Serseri Bey
Yıldızlara Bak,Yaşlı Amca,Yaşlı Amca
I WANNA BE YOUR SLAVE,Måneskin,Teatro d'ira - Vol. I
Bile Bile Yandım,Ahmak,Bile Bile Yandım
Rhineland (Heartland),Beirut,Gulag Orkestar
Ölü İhtimal,Baturalp,Karışık Bir Albüm
Dünya Bir Yalan,Olası,Dünya Bir Yalan
22,Gece,Gece
Söyle,Deniz Sungur,Toz
7,Arctic Monkeys,When The Sun Goes Down
Her Şey Yolunda,Mervan Tuzcuoğlu,Her Şey Yolunda
Belki Veda,Boş Kemikler,Belki Veda
Çoban Yıldızı,Teoman,İnsanlık Halleri
Cigarette Burns,Abby Roberts,Ashes
Çok Yorgunum,Cem Karaca,Merhaba Gençler
Resimdeki Gözyaşları,Cem Karaca,Cemaz-Ûl-Evvel (Güldeste)
Addiction,Vlad Holiday,Fall Apart with Me
Escapism.,RAYE,Escapism. / The Thrill Is Gone.
Mayın Tarlası,Şebnem Ferah,Kelimeler Yetse
Erik Satie: Gymnopédie No. 1,Pyotr Godunov,Erik Satie Gymnopédies
Ave Maria,Charles Gounod,Songs from the Arc of Life
The Lamp Is Low,Chet Baker Quartet,Chet Baker Quartet Featuring Russ Freeman (Expanded Edition)
İntihaşk,Onur Can Özcan,Yaramızda Kalsın
Gül Pembe,Barış Manço,"Mançoloji, Vol. 1"
The Hills,The Weeknd,Beauty Behind The Madness
Unutama Beni,Esmeray,En İyileriyle Esmeray
O Ben Olamam,Mavi Gri,O Ben Olamam
Böyle Kahpedir Dünya,Gripin,Gripin
Unutulanlar,Burakrhyme,Unutulanlar
Winter Snakes,Joy Again,Joy Again
Moonlight on the River,Mac DeMarco,This Old Dog
Lavanta,Stabil,Stabil
Ben Kimim,Stabil,Stabil
Cehennemin Dibi,No.1,Cehennemin Dibi
Watching Him Fade Away,Mac DeMarco,This Old Dog
Necromancer,Joy Again,Joy Again
Vas,jagger finn,Triplbt Theme
Hiç İyi Değilim,Dolu Kadehi Ters Tut,Hiç İyi Değilim
İstediğin Gibi Kullan,Jakuzi,Fantezi Müzik
"Unaccompanied Cello Suite No. 1 in G major, BWV 1007: I. Prélude",Johann Sebastian Bach,Six Evolutions - Bach: Cello Suites
Orospunun Tekine Elveda,Xnightsix,Orospunun Tekine Elveda
Hold On Till May,Pierce The Veil,Collide With The Sky
Stained Glass Eyes And Colorful Tears,Pierce The Veil,Collide With The Sky
100 Letters,Halsey,hopeless fountain kingdom (Deluxe)
Beni Sen İnandır,Pinhani,Kediköy
Love Of My Life - Remastered 2011,Queen,A Night At The Opera (2011 Remaster)
The Show Must Go On,Queen,Bohemian Rhapsody (The Original Soundtrack)
Anlamazdın,Ayla Dikmen,Klasikler (Orijinal Kayıtlar)
Eskimiş Senelere,Aspova,Hell
Suç,Aspova,Matrix (Red)
Sağanak,Aspova,Matrix (Red)
Cemetry Gates - 2011 Remaster,The Smiths,The Queen Is Dead
Uyu,Skapova,Ben Senden Vazgeçtim
Wolf River,Reignwolf,Hear Me Out
Bugün Biraz İçtim (feat. Ezhel & Grogi),Anıl Piyancı,Batı Yakası
Ben Senden Vazgeçtim,Skapova,Ben Senden Vazgeçtim
Sevda Çiçeği,mor ve ötesi,Dünya Yalan Söylüyor
Einaudi: Una mattina,Ludovico Einaudi,Emotions
Yalnız Kalsın,Hayko Cepkin,Tanışma Bitti
when the party's over,Billie Eilish,"WHEN WE ALL FALL ASLEEP, WHERE DO WE GO?"
Sen Bana Aitsin,Skapova,Ben Senden Vazgeçtim
Neden Bu Kadar Güzelsin?,Skapova,Ben Senden Vazgeçtim
"Comptine d'un autre été: l'Après-midi (from ""Amélie"")",Jacob's Piano,4 Soundtracks
High and Dry,Radiohead,The Bends
Heartless,The Weeknd,After Hours
Kendimden Geriye,Çilekeş,Y.O.K.
Senden Yoksun,Madrigal,Senden Yoksun
İyi Değilim,Sufle,İyi Değilim
Hiç Işık Yok,No.1,Siyah Bayrak
Beyond the Realms of Death,Judas Priest,Stained Class
Days Of Future Past,Iron Maiden,Senjutsu
Around the Fur,Deftones,Around the Fur
"deniyorum, ama",Mavi,"deniyorum, ama"
Love Like You (feat. Rebecca Sugar) - End Credits,Steven Universe,"Steven Universe, Vol. 1 (Original Soundtrack)"
Once Upon a Time,Evgeny Grinko,Tiny Mouse Tales
Van Gogh,Virginio Aiello,Van Gogh
Pus,Sufle,Pus
Neyse,Skapova,Ben Senden Vazgeçtim
Zamanla Ya Da Zorla,Skapova,Zamanla Ya Da Zorla
Görünce Dünyamın Yıkıldığını,Şanışer,Umut
Heaven,The Neighbourhood,Hard To Imagine The Neighbourhood Ever Changing
Senden Önce Senden Sonra,Teoman,Teo
On Dokuz(19) - Demo,Rei 6,Dibe İniyorum (Demo)
Ben Alışığım - Demo,Rei 6,Dibe İniyorum (Demo)
Olmuyor Bak,Ayça Özefe,Olmuyor Bak
Hikaye,Adamlar,Dünya Günlükleri
Boys Don't Cry,The Cure,Greatest Hits
Chocolate and the Favorite Gun,Seven Day Sleep,A Home for Disgusting Fairies
Special Death,Mirah,Advisory Committee
Butch 4 Butch,Rio Romeo,Butch 4 Butch
Carmen,Lana Del Rey,Born To Die - The Paradise Edition
Pretty When You Cry,Lana Del Rey,Ultraviolence (Deluxe)
Down By The River,Milky Chance,Sadnecessary
Lonely Day,Vitamin String Quartet,VSQ Performs System of A Down's Hypnotize
カワキヲアメク,美波,カワキヲアメク
Bigmouth Strikes Again - 2011 Remaster,The Smiths,The Queen Is Dead
Bury the Light,Casey Edwards,Bury the Light
Duality,Slipknot,Vol. 3: The Subliminal Verses
Kill the Pain,Accept,Blood of the Nations
No Hope in Sight,Paradise Lost,The Plague Within
Angelica,Anathema,Hindsight
To Leave,Shamrain,Someplace Else
A Natural Disaster - Remastered,Anathema,A Natural Disaster (Remastered)
Lullaby,Hypnogaja,Kill Switch
Lonely Day,System Of A Down,Hypnotize
Labyrinth,Taylor Swift,Midnights
Tın Tın,Adamlar,Rüyalarda Buruşmuşuz
Kadın,Adamlar,Eski Dostum Tankla Gelmiş
Bi Öyle Bi Böyle,Adamlar,Eski Dostum Tankla Gelmiş
Çek Sifonu,Adamlar,Eski Dostum Tankla Gelmiş
Die For You,Joji,SMITHEREENS
Öyle Normal,Adamlar,Eski Dostum Tankla Gelmiş
SPIT IN MY FACE!,ThxSoMch,SPIT IN MY FACE!
Ananla Olan Münasebetim,Düz Mantık,Evet
Cupid,Alexandra Savior,Belladonna of Sadness
Obsesif Hisler,Mehmet Alp,Böyle Olsun İstemedim
Mary On A Cross,Ghost,[MESSAGE FROM THE CLERGY]
Yeni Günler,Yabancılar,Yeni Günler
Kıyamet Senfonisi,Almora,Kıyamet Senfonisi
Alışırım Gözlerimi Kapamaya,maNga,Şehr-i Hüzün
Gözlerin,kerem,Gözlerin
Zaman Yok,Son Feci Bisiklet,Zaman Yok
Lonely Day,System Of A Down,Hypnotize
Save Your Tears,The Weeknd,After Hours
özür dilerim üzülemediğim için,uclercagri,oyunlar
Renklerim,Soft Analog,Renklerim
Promises,Megadeth,The World Needs a Hero
I Am Nothing,Katatonia,Tonight's Decision
Pain - Remastered,Blackfield,Blackfield (Remastered)
Faded Out (feat. Within Temptation),Asking Alexandria,See What's On The Inside (Deluxe)
Paranova,Antimatter,Fear of a Unique Identity
Paranoid,Megadeth,Hidden Treasures
Holy Wars...The Punishment Due - 2004 Remix,Megadeth,Rust In Peace (2004 Remix / Expanded Edition)
Crazy,Gnarls Barkley,St. Elsewhere
If You Can't Hang,Sleeping With Sirens,Let's Cheers To This
King For A Day,Pierce The Veil,Collide With The Sky
Kick Me,Sleeping With Sirens,Madness (Deluxe Edition)
Damage,Fit For Rivals,Steady Damage
I Hate Everything About You,Three Days Grace,Three Days Grace (Expanded Edition)
Hell Above,Pierce The Veil,Collide With The Sky
Yine Gel,Son Dört,Yol Yorgunu
1692,Cottonwood Firing Squad,1692
Renk,Renk,Kıyı
Dark Paradise,Lana Del Rey,Born To Die (Deluxe Version)
i wanna be your girlfriend,girl in red,i wanna be your girlfriend
So Damn Into You,Vlad Holiday,So Damn Into You
Dursun Zaman - Demo,Rei 6,Dibe İniyorum (Demo)
Gökyüzünü Tutamam,Can Koç,Gökyüzünü Tutamam
Kupa Kızı Ve Sinek Valesi,Teoman,Teo
The French Library,Franz Gordon,The French Library
Biri Vardı,Pera,En Güzel Mevsimim
Yağmur,Cem Adrian,Aşk Bu Gece Şehri Terk Etti
Paranoya,Hayko Cepkin,Aşkın Izdırabını
Seninim Son Kez,Teoman,Eski Bir Rüya Uğruna...
My Life Is Going On (Piano Version),Cecilia Krull,Hard
Heaven Knows I'm Miserable Now - 2011 Remaster,The Smiths,Louder Than Bombs
Sen Hep Böyle Kal,Cem Adrian,Siyah Bir Veda Öpücüğü
Flying - Live,Anathema,Universal
Yardım Et,mor ve ötesi,Dünya Yalan Söylüyor
Oh Darlin' What Have I Done,The White Buffalo,Prepare for Black and Blue - EP
We Could Be The Same - Istanbul,maNga,We Could Be The Same
Ah Canım Sevgilim - Demo,Rei 6,Dibe İniyorum (Demo)
Bu Şarkı Aşka Yazıldı,Cem Adrian,Bu Şarkı Aşka Yazıldı
ben seni nasıl kaybettim s*kiyim,uclercagri,turuncu
Tek Başına,Ayten Alpman,Ayten Alpman Klasikleri (Türk Pop Tarihi)
Son Arzum,Nilüfer,Selam Söyle
Elfida,Haluk Levent,Akşam Üstü
"Yağmur, Teşekkürler",mor ve ötesi,Güneşi Beklerken
Broken Pieces,Apocalyptica,7th Symphony
Hep De Yorgun,Yaşlı Amca,Keşke Herkes
End of Me,Apocalyptica,7th Symphony
I'm Not Jesus - International Version,Apocalyptica,Worlds Collide
"If You Were There, Beware",Arctic Monkeys,Favourite Worst Nightmare
Fragile Dreams - Studio,Anathema,Resonance 2
Flying - Remastered,Anathema,A Natural Disaster (Remastered)
One Last Goodbye - Remastered,Anathema,Judgement (Remastered)
Yalnız Ölmek,Can Güngör,Yalnız Ölmek
Re,mor ve ötesi,Dünya Yalan Söylüyor
Tek Başına,Rana Türkyılmaz,Tek Başına
imkansız bir aşk denir,yunusemre,imkansız bir aşk denir
Cambaz,mor ve ötesi,Dünya Yalan Söylüyor
Back to the Old House - 2011 Remaster,The Smiths,Louder Than Bombs
This Charming Man - 2011 Remaster,The Smiths,The Smiths
There Is a Light That Never Goes Out - 2011 Remaster,The Smiths,The Queen Is Dead
Bana Unutmayı Anlat,Cem Adrian,Bana Unutmayı Anlat
Mind Over Matter (Reprise),Young the Giant,Mirrorball / Mind Over Matter (Reprise)
no turning back,Koda,no turning back
Fallin',Sufle,Fallin'
Raindrops,Shamrain,Goodbye To All That
This I Love,Guns N' Roses,Chinese Democracy
kalbimden tenime,Canozan,kapalı perdeler
TV,Billie Eilish,Guitar Songs
I Don't Care,Apocalyptica,Worlds Collide
Not Strong Enough,Apocalyptica,7th Symphony
Pretty Fly (For A White Guy),The Offspring,Americana
The Kids Aren't Alright,The Offspring,Americana
You Oughta Know - 2015 Remaster,Alanis Morissette,Jagged Little Pill (2015 Remaster)
Ironic - 2015 Remaster,Alanis Morissette,Jagged Little Pill (2015 Remaster)
Dip,Madrigal,Neogazino
Son Arzum,Masal Freedom,Son Arzum
Son Arzum,Skapova,Son Arzum
Kır Papatyası,Bahadır Sağlam,Mavi
Teardrop,Massive Attack,Mezzanine
Beni Rahatta Dinleyin,Son Feci Bisiklet,Kaset Zamanları
Tek Başına,Pilli Bebek,Kaset Zamanları
Ceviz Ağacı,Cem Karaca,Merhaba Gençler
Hello?,Clairo,diary 001
Dönersen Islık Çal,Manuş Baba,Dönersen Islık Çal
Phoenix,League of Legends,Phoenix
Merhabalar,Emre Fel,Yeni Anadolu
засыпай,ssshhhiiittt!,Третья жизнь
Here Comes The Rain Again,Hypnogaja,Below Sunset
I'm not angry anymore,Cummrs,I'm not angry anymore
I Love You Like an Alcoholic,Six Steps In,Folk Punk Stars
Dünyanın En Güzel Kızı,Mavi Gri,Dünyanın En Güzel Kızı
"Living Life, In The Night",Cheriimoya,"Living Life, In The Night"
Let's Fall in Love for the Night (1964),FINNEAS,Blood Harmony (Deluxe)
Utanmazsan Unutmam,Adamlar,Eski Dostum Tankla Gelmiş
Daha Mutlu Olamam,mor ve ötesi,Gül Kendine
Love Me,Zyrex,Love Me
October Passed Me By,girl in red,October Passed Me By
I Don't Wanna See You Cryin' Anymore,Adam Melchor,Plan On You
Liking All Your Posts,Oscar Lang,Silk
And I Love Her,Kurt Cobain,Montage Of Heck: The Home Recordings
Nervous,The Neighbourhood,Hard To Imagine The Neighbourhood Ever Changing
feelings are fatal,mxmtoon,plum blossom
enough for you,Olivia Rodrigo,SOUR
The Story,Conan Gray,Kid Krow
Each Time You Fall In Love,Cigarettes After Sex,Cigarettes After Sex
You're All I Want,Cigarettes After Sex,You're All I Want
Michelle,Sir Chloe,Party Favors
Arms Tonite,Mother Mother,O My Heart
Abbey,Mitski,Lush
Oyunbozan,mor ve ötesi,Güneşi Beklerken
Billie Bossa Nova,Billie Eilish,Happier Than Ever
HAUNTED,Isabel LaRosa,HAUNTED
Aşk Şarkısı,Şanışer,Umut
Aşk Şarkısı - Live,Şanışer,Aşk Şarkısı (Live)
Zombi,Adamlar,Dünya Günlükleri
İnsanın Düştüğü Durumlar,Adamlar,Eski Dostum Tankla Gelmiş
NKBİ,Güneş,Atlantis
Yoruldum,Adamlar,Dünya Günlükleri
Küçüğüm,Adamlar,Küçüğüm
Doldum,Adamlar,Dünya Günlükleri
Jealous,Eyedress,Jealous
Notion,The Rare Occasions,Notion
I Don't Know How To Love,The Drums,Portamento
Young,Vacations,Vibes
The Beach,The Neighbourhood,Wiped Out!
Chamber Of Reflection,Mac DeMarco,Salad Days
Sleeping Beauty Syndrome,April Rain,Mirror of Ether
Yüzündeki Ürkek Güzellik,Açık Seçik Aşk Bandosu,Yüzündeki Ürkek Güzellik
Carousel,Evgeny Grinko,Tiny Mouse Tales
Dusty Room,Evgeny Grinko,Naive Album
Nothing's Gonna Hurt You Baby,Cigarettes After Sex,I.
Sweet,Cigarettes After Sex,Cigarettes After Sex
Born To Die,Lana Del Rey,Born To Die - The Paradise Edition
WHY,NF,The Search
Rüyalarda Buruşmuşum,Adamlar,Rüyalarda Buruşmuşuz
Romantic Homicide,d4vd,Romantic Homicide
Miss You,Oliver Tree,Victoria's Secret - Pop Bangers
Miss You,southstar,Miss You
Miss You,Oliver Tree,Miss You
Until I Found You,Stephen Sanchez,Until I Found You
İnsanlık Hali,Adamlar,Harekete kimse mâni olamaz.
"Machinery Of Torment (From The Netflix Film ""Metal Lords"")",Skullflower,"Machinery Of Torment (From The Netflix Film ""Metal Lords"")"
hesitation,Andrew Garden,hesitation
Çirkin Olunca,Barış Kocatürk,Kesin Kesiktir
Bu Havada Gidilmez,Manuş Baba,Ve Nazan Öncel Şarkıları
All Gone (Reunion),Gustavo Santaolalla,The Last of Us - Vol. 2 (Video Game Soundtrack)
Again,Shiloh Dynasty,Vivid Pictures
Same Old Love,Selena Gomez,Revival (Deluxe)
Tekel Mavisi,No.1,Siyah Bayrak
Yine Yeni Yeniden - Yeniden Sev,maNga,Yine Yeni Yeniden (Yeniden Sev)
Sunsetz,Cigarettes After Sex,Cigarettes After Sex
Apocalypse,Cigarettes After Sex,Cigarettes After Sex
METAMORPHOSIS - Sped Up,INTERWORLD,METAMORPHOSIS (Sped Up)
METAMORPHOSIS,INTERWORLD,METAMORPHOSIS
Cigarette Daydreams - Unpeeled,Cage The Elephant,Unpeeled
Cigarette Daydreams,Cage The Elephant,Melophobia
Lost Kitten,Metric,Synthetica (Deluxe Edition)
NAYN BABY,CyberRulz,NAYN BABY
Superman,Eminem,The Eminem Show
Sen Orda Yoksun,Göksel,Sen Orda Yoksun
Sadece,kerem,Sadece
Jahrein /Intro /Version1,Can Onaran,Jahrein /Intro /Version1
Some Sand,ibi,Some Sand
Keşke Burada Olsan,Ansızın Bi' İnfilak,Keşke Burada Olsan
The Kids Are Back,Twisted Sister,You Can't Stop Rock 'N' Roll
M.,Anıl Emre Daldal,M.
ama hala,Mavi,ama hala
Bu Akşam,Duman,Belki Alışman Lazım
Vedalardan Bir Buket,Perdenin Ardındakiler,Vedalardan Bir Buket
Değmesin Ellerimiz,Model,Diğer Masallar
Belki Üstümüzden Bir Kuş Geçer,Yüksek Sadakat,Yüksek Sadakat
Orda Ortada,Adamlar,Rüyalarda Buruşmuşuz
Ateş Ederim,Adamlar,Eski Dostum Tankla Gelmiş
Bekle Dedi Gitti - Çizik,Kaan Tangöze,Gölge Etme
Aklımda Biri Var,Belki Biraz,Modafinil
People You Know,Selena Gomez,Rare
Kapısı Kapalı,Adamlar,Eski Dostum Tankla Gelmiş
Tourner Dans Le Vide,Indila,Mini World
Herkesim,Aqtaii,Herkesim
Ocean Drive,Duke Dumont,Ocean Drive
Affet Beni Sevgilim,Ege Balkiz,Affet Beni Sevgilim
Bones,Imagine Dragons,Bones
Popular Monster,Falling In Reverse,Popular Monster
Prom Queen,Beach Bunny,Prom Queen
O Bi Karamel,Ozbi,Dünya'm 20:24
Little Dark Age,MGMT,Little Dark Age
Bir Derdim Var,mor ve ötesi,Dünya Yalan Söylüyor
It's Snowing Like It's the End of the World,Krobak,Little Victories
Herkesten Güzelsin,Façanga,Herkesten Güzelsin
Tövbe,Mary Jane,Tövbe
Ankara Kapkara,Yüzyüzeyken Konuşuruz,Evdekilere Selam
Bad Habit,Steve Lacy,Bad Habit
Can't Remember to Forget You (feat. Rihanna),Shakira,Shakira. (Expanded Edition)
Dandelions,Ruth B.,Safe Haven
Olsun,Sertab Erener,Kırık Kalpler Albümü
Motorbreath - Remastered,Metallica,Kill 'Em All (Remastered)
Ava,Famy,Teen Wolf (Original Television Soundtrack)
Atlantis,Seafret,Tell Me It's Real (Expanded Edition)
Uyku,Son Feci Bisiklet,Sistemik
Koca Bir Saçmalık,Jakuzi,Fantezi Müzik
Uykusuz ve Dengesiz,Yüzyüzeyken Konuşuruz,Akustik Travma
Gençliğimi Geri Ver,Yüzyüzeyken Konuşuruz,Gençliğimi Geri Ver
Under The Influence,Chris Brown,Indigo (Extended)
Yaz Geçer,Yüzyüzeyken Konuşuruz,Evdekilere Selam
Annem Eteğimi Vermedi,Padme,Bugün
Bağımlı Karanlığa,163,Bağımlı Karanlığa
Tamirci Çırağı,Cem Karaca,Ölümsüzler
Melek,Duman,Seni Kendime Sakladım
Ateş Edecek Misin?,Yüzyüzeyken Konuşuruz,Evdekilere Selam
Bir Tek Sen Gelmedin,Flört,Cemiyette Pişiyoruz
Bırakman Doğru Mu 2,Zeynep Bastık,Bırakman Doğru Mu 2
Cool Kids,Echosmith,Talking Dreams (Deluxe Edition)
İstanbul Beyefendisi,Yaşlı Amca,Akşamüstü
Sar Bu Şehri - Akustik,Canozan,Dolunay
Mad at Disney,salem ilese,Mad at Disney
2T1BB,BEGE,2T1BB
Zor,Güneş,Atlantis
Kimsesiz,Yaşlı Amca,Akşamüstü
Fourth of July,Sufjan Stevens,Carrie & Lowell
Öyle kolay aşık olmam,Canozan,Öyle kolay aşık olmam
Stolen Dance,Milky Chance,Sadnecessary
Lost on You,LP,Lost on You
Remembrance,Balmorhea,"All Is Wild, All Is Silent"
Glimpse of Us,Joji,Glimpse of Us
Valse,Evgeny Grinko,Ice for Aureliano Buendia (Deluxe Edition)
Heather,Conan Gray,Kid Krow
Bubble Gum,Clairo,Bubble Gum
Suçlarımdan Biri,Güneş,Atlantis
Better Than Feeling Lonely - Stripped,Olivia O'Brien,Better Than Feeling Lonely (Stripped)
Acıyor,Göksel,Bende Bi' Aşk Var
HOŞÇAKAL KADAR,Büyük Ev Ablukada,FIRTINAYT
Başa Sar,Ege Can Sal,Başa Sar
Kişisel Bir İntihar,Kres,Zaman Yok
Test & Recognise - Flume Re-work,Seekae,Test & Recognise (Remixes)
The Unforgiven,Metallica,Metallica
Paradise,Loumé,Paradise
Party Tonight,The Shipp of Fools,Party Tonight
Party Tonight,Joe Hedourix,Party Tonight
Far Beyond The Sun,Yngwie Malmsteen,The Yngwie Malmsteen Collection
Soldier Of Fortune - 2009 Digital Remaster,Deep Purple,Stormbringer (Remastered)
Eruption,Van Halen,Best of Volume 1
Your Light,Pablo Leo,Your Light
Turn It Up,Vwhie,Turn It Up
Feragât,Reckol,Feragât
Euphoria,Andora,Euphoria
Running Up That Hill (A Deal With God),Kate Bush,Hounds Of Love
Smoke on the Water,Deep Purple,Deepest Purple: The Very Best of Deep Purple
One Hundred Sleepless Nights,Pierce The Veil,Collide With The Sky
Gördüm Günümü,Kaan Boşnak,Demos
Ara,Sedef Sebüktekin,Ara
After Dark,Mr.Kitty,Time
"Violin Concerto No. 1 in G minor, Op. 26: 1. Vorspiel (Allegro moderato)",Max Bruch,Bruch & Dvorak Violin Concertos
Neyim Var Ki (feat. Sagopa K),Ceza,Rapstar
366.Gün,Sagopa Kajmer,366.Gün
Sen De Yalnız Kal,Ayça Özefe,Sen De Yalnız Kal
Müzik Kutusu,Emir Can İğrek,Ağır Roman
summer depression,girl in red,summer depression
Where's My Love,SYML,SYML
bitches broken hearts,Billie Eilish,bitches broken hearts
Buzdan Şato,Model,Diğer Masallar
Do Me a Favour,Arctic Monkeys,Favourite Worst Nightmare
Yorgunum Ve Ağrılar,Kaan Boşnak,Yorgunum Ve Ağrılar
Aşk Yok Olmaktır,Mabel Matiz,Yaşım Çocuk
Yeniden,BEGE,Yeniden
Ama Bana Bakma Öyle,VAGON,Mayıs Rüzgarı
Teni Tenime,Sena Şener,Teni Tenime
Caraphernelia,Pierce The Veil,Selfish Machines
Nobody,Mitski,Be the Cowboy
Washing Machine Heart,Mitski,Be the Cowboy
Takip,Motive,Takip
Çok Geç Kaldın,Sena Şener,Çok Geç Kaldın
Porselen Kalbim,Sena Şener,Porselen Kalbim
İnsan Gelir İnsan Geçer,Sena Şener,İnsan Gelir İnsan Geçer
Bak Bana,Sena Şener,İnsan Gelir İnsan Geçer
Sevmemeliyiz,Sena Şener,İnsan Gelir İnsan Geçer
B.S.G,BEGE,BEGEFENDİ
YILDIZLARLA RAKS,BEGE,BEGEFENDİ
Spacejump,BEGE,Spacejump
NERDEYİM ALO?,BEGE,BEGEFENDİ
GECELERİN DERDİ,BEGE,BEGEFENDİ
Böyle İyi,No.1,Sen Kötü Bir Rüyasın
Yarım Kalan Sigara,No.1,Kron1k
Bikinisinde Astronomi - Bonus Trek,Son Feci Bisiklet,Son Feci EP
yine de sen,Ayça Özefe,yine de sen
Gasoline,Halsey,BADLANDS (Deluxe)
Dünyanın Sonuna Doğmuşum,maNga,Şehr-i Hüzün
Beni Benimle Bırak,maNga,Şehr-i Hüzün
Sarılırım Birine,Adamlar,Dünya Günlükleri
Özünde Narin,Beyaz Hayvanlar,İnceler Galeri
Siktiret Boşver,Redd,Yersiz Göksüz Zamanlar
Bir Düşün,Lin Pesto,Bir Düşün
Bir Kadın Çizeceksin,maNga,maNga +
Starboy,The Weeknd,Starboy
Harika,Palmiyeler,Ben-Hür (2019-2020)
Pumped Up Kicks,Foster The People,Torches
Dibine Kadar,Duman,Duman 1
#27,Dolu Kadehi Ters Tut,#27
Ressamın Şarkısı,Bekir Karahan,Ressamın Şarkısı
Geçme Artık Sokağımdan,Madrigal,Geçme Artık Sokağımdan
Hepinize El Salladım,Adamlar,Rüyalarda Buruşmuşuz
Dünya Gül Bana,No.1,Siyah Bayrak
Olmasada Olur,No.1,"Canımız Cehenneme, Pt. II"
Enas Tourkos Sto Parisi,Lavrentis Machairitsas,Pafsilipon
Bizi Nasıl Etkiler,Lucerina,Bizi Nasıl Etkiler
Bal,Duman,Belki Alışman Lazım
Mey,Model,Mey
Obsession - Radio Edit,Consoul Trainin,Obsession
I Love You So,The Walters,I Love You So
Sevdim Seni Bir Kere,Teoman,Gönülçelen
Gözlerinde Bi'yer,Salman Tin,Gözlerinde Bi'yer
Sen Benim Şarkılarımsın,Cem Adrian,Sen Benim Şarkılarımsın
Seni Kendime Sakladım,Duman,Seni Kendime Sakladım
Müzik Kutusu,Model,Levla'nın Hikayesi (Bonus Edition)
Aslında Alkol Hala Damarımda,Palmiyeler,Ben-Hür (2019-2020)
Ağlamam Zaman Aldı - İnkar,Model,Levla'nın Hikayesi (Bonus Edition)
Kalp Hanım,Kalben,Aşk Çeşmesi
Soğuk Şarap,Kendimden Hallice,Soğuk Şarap
Anlat Ona,Yedinci Ev,Şimdi
As It Was,Harry Styles,As It Was
Kalbinde Birileri Var,Perdenin Ardındakiler,Kalbinde Birileri Var
Boş Gemiler,Yüzyüzeyken Konuşuruz,Boş Gemiler
First Love/Late Spring,Mitski,Bury Me At Makeout Creek
Only Love Can Hurt Like This,Paloma Faith,A Perfect Contradiction (Outsiders' Expanded Edition)
Elektrot,Son Feci Bisiklet,Vesaire
Çek,Kalben,Aşk Çeşmesi
Sen Varsın Diye,Yüzyüzeyken Konuşuruz,Sen Varsın Diye
Smells Like Teen Spirit,Nirvana,Nevermind (Remastered)
Used to be (L.O.V.E.),Chelsea Collins,Used to be (L.O.V.E.)
L-O-V-E - Acoustic,The Macarons Project,L-O-V-E (Acoustic)
L O V E,Michael Bublé,Call Me Irresponsible (Deluxe)
Into the Unknown (feat. Jack Jones),Over the Garden Wall,Over the Garden Wall (Original Television Soundtrack)
Bir Kere Gelir,Yedinci Ev,İçine Düştüm
Sadece,Kalben,Kalben
Crash,Fit For Rivals,Steady Damage
Leaves from the Vine,Samuel Kim,Leaves from the Vine
Smells Like Teen Spirit - Remastered,Nirvana,Nevermind (30th Anniversary Super Deluxe)
Raf,Deeperise,Raf
Something In The Way,Nirvana,Nevermind (Remastered)
Rüzgara Doğru,Aspova,S Y N T H W A V E
would you be my baby,Enzo Iwamura,would you be my baby
The Rumbling (TV Size),SiM,The Rumbling (TV Size)
The Rumbling,SiM,The Rumbling
Bu Son Olsun,Cem Karaca,Bu Son Olsun
Arkadaşım Eşşek,Barış Manço,Hal Hal
Softcore,The Neighbourhood,Hard To Imagine The Neighbourhood Ever Changing
Sevsene Beni,Yedinci Ev,Şimdi
Rockabye (feat. Sean Paul & Anne-Marie),Clean Bandit,Speak Your Mind (Deluxe)
Mad At Disney,Lofi Fruits Music,Mad At Disney
Sevemiyorum,Perdenin Ardındakiler,Düşüş
Pain,Josh A,Fearless
Derdime,Perdenin Ardındakiler,Düşüş
Overwhelmed (Ryan Mack Remix),Ryan Mack,Overwhelmed (Ryan Mack Remix)
Yana Yana,Aspova,Yana Yana
"Sorry, I Like You",Burbank,"Sorry, I Like You"
Talking to the Moon,Bruno Mars,Doo-Wops & Hooligans
You Get Me So High,The Neighbourhood,Hard To Imagine The Neighbourhood Ever Changing
Tell Me Why I'm Waiting,Timmies,Passion & Confusion
BANANE,Aspova,BANANE
Soldier,Tommee Profitt,Cinematic Songs (Vol. 1)
NDA,Billie Eilish,Happier Than Ever
Experience,Ludovico Einaudi,In A Time Lapse
Kelebekler,Madrigal,Kelebekler
Kaçar Gider,Dolu Kadehi Ters Tut,Kaçar Gider
Belki Alışman Lazım,Duman,Belki Alışman Lazım
Bad Romance,Lady Gaga,Bad Romance
İstanbul,Aspova,İstanbul
Ayy / Ben Hala Rüyada,Oğuzhan Koç,Ben Hala Rüyada
Aynı Sokaklarda,Şanışer,Umut
Peşimde Kara Geceler,Şanışer,Umut
Son Seslenişim,Yüzyüzeyken Konuşuruz,Son Seslenişim
Your Power,Billie Eilish,Happier Than Ever
Kobay,Aspova,Kobay
Aşk Yok Olmaktır,Mabel Matiz,Yaşım Çocuk
Legends Never Die - (Remix),League of Legends,Legends Never Die (Remix)
Revolution,Diplo,Revolution
Stay With Me,1nonly,Stay With Me
Smells Like Teen Spirit,Nirvana,Nevermind (Deluxe Edition)
INDUSTRY BABY (feat. Jack Harlow),Lil Nas X,INDUSTRY BABY (feat. Jack Harlow)
Everybody Dies,Billie Eilish,Happier Than Ever
Geceyi Anlatmış,Ozbi,Geceyi Anlatmış
Happier Than Ever,Billie Eilish,Happier Than Ever
Bored,Billie Eilish,Bored
Chamber Of Reflection,Mac DeMarco,Salad Days
Her Şey Bitmedi Bitemez,Gökçe,Matruşka
Yük Gemisi,Aspova,MATRIX (Blue)
Şarkılar Sokaklara Ait,Neo11,Şarkılar Sokaklara Ait
Sen ve Ben,Aspova,MATRIX (Blue)
"Умри, если меня не любишь - Шаг за 20",DAKOOKA,Singles
Amour plastique,Videoclub,Amour plastique
İtirazım Var,Müslüm Gürses,Mutlu Ol Yeter (Remastered)
Ecel,Tuğkan,Ecel
Whatever It Takes,Imagine Dragons,Evolve
Yıldızlara Bak,Yaşlı Amca,Yaşlı Amca
Muhtemel Aşk,yirmi7,Muhtemel Aşk
Ben Her Zaman Sana Aşıktım,Kalben,Sonsuza Kadar
Ben Sana Aşıktım,Berk Bekar,Ben Sana Aşıktım
West Coast,Imagine Dragons,Origins (Deluxe)
Bul Beni,Ezhel,Bul Beni
Señorita,Shawn Mendes,Señorita
Beggin (original version),Madcon,So Dark The Con Of Man
Awaken,League of Legends,Awaken
Your Power,Billie Eilish,Your Power
Lost Cause,Billie Eilish,Lost Cause
Suicide Is Painless,M*A*S*H,70s 100 Hits
Beggin',Måneskin,Chosen
RISE,League of Legends,RISE
"Peace and Love on the Planet Earth (feat. Zach Callison, Estelle, Deedee Magno Hall, Michaela Dietz & Shelby Rabara)",Steven Universe,"Steven Universe, Vol. 1 (Original Soundtrack)"
Güzel Bir Kadın,Vera,Bir Yangın Var
Sway,Michael Bublé,Michael Bublé
Bütün Gülleri Çalmışlar,Şanışer,Umut
Belki Bir Gün Barışırız,Şanışer,Umut
Değmesin Ellerimiz,Model,Diğer Masallar
İnsanlar,Şanışer,Umut
YKWIM?,Yot Club,Bipolar
Düştüm,Şanışer,Umut
Hayalet Sevgilim,Irem,Hayalet Sevgilim
Biladerim İçin,Ben Fero,ORMAN KANUNLARI
Gel De,Serdar Ortaç,Mesafe
Ben Adam Olmam,Serdar Ortaç,Yaz Yağmuru
Dünya Gül Bana,No.1,Siyah Bayrak
"Audio (feat. Sia, Diplo, and Labrinth)",Sia,"LABRINTH, SIA & DIPLO PRESENT... LSD"
wish you were gay,Billie Eilish,"WHEN WE ALL FALL ASLEEP, WHERE DO WE GO?"
Spiritual but Not Religious,Oliver Koletzki,The Arc of Tension
Geceler,Ezhel,Müptezhel
Sonsuza Kadar,Kalben,Sonsuza Kadar
Olmaz Olsun,Dön Bir Bak,Olmaz Olsun
Beni Böyle Sevemezsin,Pinhani,Beni Böyle Sevemezsin
Çek,Kalben,Aşk Çeşmesi
Kalp Hanım,Kalben,Aşk Çeşmesi
Köprüaltı,Duman,Eski Köprünün Altında
Ben Hala Seninim,Kres,Zaman Yok
Ah Aman Aman,Kirli,Ah Aman Aman
Aden P2,Lia Shine,Aden P2
Moral of the Story,Ashe,Moral of the Story
Unutulanlar,Farazi,Hayalet Islığı (Instrumentals)
Kayboluyorum (Süt),Sedef Sebüktekin,Kayboluyorum (Süt)
YILDIZLARLA RAKS,BEGE,BEGEFENDİ
NERDEYİM ALO?,BEGE,BEGEFENDİ
DURMA,BEGE,BEGEFENDİ
Mey,Model,Mey
GELECEK İSTASYON MARS,Xir,GELECEK İSTASYON MARS
Sweet Dreams,Besomorph,Sweet Dreams
Sweet Dreams (Are Made of This) - 2005 Remaster,Eurythmics,Sweet Dreams (Are Made Of This)
Şehrimin Tadı,Ezhel,Müptezhel
FRIENDS,Marshmello,FRIENDS
Happy Together (feat. Ray Toro),Gerard Way,Happy Together (feat. Ray Toro)
Bi Sonraki Hayatımda Gel,Murda,Made In Turkey
Senden Daha Güzel,Duman,Duman 2
FM$,New Boyz,FM$
Barbar,Kaan Boşnak,Barbar
Korkudan,Barış Özcan,Korkudan
Kuytu Köşelerde,Şanışer,Kuytu Köşelerde
Allah'ından Bul,Ezhel,Allah'ından Bul
İmkansızım,Ezhel,İmkansızım
Haberin Yok Ölüyorum,Duman,Belki Alışman Lazım
Benimle Yan,Güntaç Özdemir,Benimle Yan
Poşet,Serdar Ortaç,Kara Kedi
Çok Yaşa Kral,Porçay,Çok Yaşa Kral
Bu Gece Arama,Arda Gezer,Episode 1
Yıldızlara Erişmek,Lia Shine,Yıldızlara Erişmek
Moonlight,XXXTENTACION,?
Dansöz,Serdar Ortaç,Mesafe
Mood (feat. iann dior),24kGoldn,El Dorado
Yıldızların Altında,Kargo,Yıldızların Altında
Mutlu Yıllar,Cem Adrian,Siyah Bir Veda Öpücüğü
Kırmış Kalbini,Duman,Belki Alışman Lazım
Helal Olsun,Duman,Duman 1
Everything Black,Unlike Pluto,Everything Black
Legends Never Die,League of Legends,Legends Never Die
Mayonaka no Door / Stay With Me,Miki Matsubara,Miki Matsubara Best Collection
listen before i go,Billie Eilish,"WHEN WE ALL FALL ASLEEP, WHERE DO WE GO?"
No Time To Die,Billie Eilish,No Time To Die
lovely (with Khalid),Billie Eilish,lovely (with Khalid)
i love you,Billie Eilish,"WHEN WE ALL FALL ASLEEP, WHERE DO WE GO?"
ocean eyes,Billie Eilish,dont smile at me
Aşkım Baksana Bana,Nazan Öncel,7'n Bitirdin
Peşimde Kara Geceler,Şanışer,Peşimde Kara Geceler
GIANTS,True Damage,GIANTS
Varım,Nova Norda,Varım
Talking to the Moon - Acoustic Piano,Bruno Mars,Doo-Wops & Hooligans
Everything at Once,Lenka,Two (Expanded Edition)
Sway With Me (with GALXARA),Saweetie,Sway With Me (with GALXARA)
Remembrance,Balmorhea,"All Is Wild, All Is Silent"
telepatía,Kali Uchis,Sin Miedo (del Amor y Otros Demonios) ∞
Garezi Var,Kahraman Deniz,23
Electric Love,BØRNS,Dopamine
Paparazzi,Kim Dracula,Paparazzi
Gökyüzüm Siyah Olsa Da,Ne Jupiter,Aklımın Derinlerinde
Kararsız,Ne Jupiter,Kararsız
I'm Just Your Problem (feat. Olivia Olson),Adventure Time,"Adventure Time, Vol. 1 (Original Soundtrack)"
Runaway,AURORA,All My Demons Greeting Me As A Friend (Deluxe)
La tristesse du diable,Meimuna,Meimuna
Hayalet Sevgilim,Irem,Hayalet Sevgilim
Somebody That I Used To Know,Gotye,Making Mirrors
FIGHT! - Flyday Chinatown,Aests,The Classics
Olsun İstemezdim,Lin Pesto,SON
It Only Makes Me Love You More,Team Solo,It Only Makes Me Love You More
Counting Stars,OneRepublic,Native
SOLO,JENNIE,SOLO
Nothing Else Matters,Metallica,Metallica
Yağmurlar,Anıl Piyancı,Yağmurlar
Ankara'yla Bozuşuruz,Perdenin Ardındakiler,Ankara'yla Bozuşuruz
Yazık,Tuğkan,Yazık
Aman Aman,Duman,Seni Kendime Sakladım
Aldattın Mı,Dolu Kadehi Ters Tut,Polonya'nın Başı Belada
Bikinisinde Astronomi (Bonus Trek),Son Feci Bisiklet,Son Feci EP
Belki Üstümüzden Bir Kuş Geçer,Yüksek Sadakat,Yüksek Sadakat
#22,Dolu Kadehi Ters Tut,#22
#21,Dolu Kadehi Ters Tut,Polonya'nın Başı Belada
#26,Dolu Kadehi Ters Tut,DKTT
Bu Kız,Son Feci Bisiklet,Vesaire
Gizli Yara,Pera,Gizli Yara
Her Şey Biraz Hala Sen - Alternatif Versiyon,emre aydın,Her Şey Biraz Hala Sen (Alternatif Versiyon)
#25,Dolu Kadehi Ters Tut,#25
Veda Olsun,Batuhan Mutlugil,Yadigar
Beteri Yok Uslanmaktan,Nova Norda,Beteri Yok Uslanmaktan
Mark,SHAHMEN,Enter the Circle
Acıyor,Göksel,Bende Bi' Aşk Var
Clandestina,FILV,LUX
Breathing Fire,Anne-Marie,Speak Your Mind (Deluxe)
Machine,Anne-Marie,Speak Your Mind (Deluxe)
Homage,Mild High Club,Skiptracing
Hatıralar,Barış Akarsu,Ayrılık Zamansız Gelir
Mutluyum Ama Birazdan Geçer,İkiye On Kala,Eski Yeşil Araba
Just the Two of Us,"Grover Washington, Jr.",Winelight
Addiction,Vlad Holiday,Fall Apart with Me
Yıldızlar,Deniz Tekin,Yıldızlar
Bubblegum Bitch,MARINA,Electra Heart (Deluxe)
Wait a Minute!,WILLOW,ARDIPITHECUS
Seven Nation Army,The White Stripes,Elephant
いきのこり●ぼくら,Ichiko Aoba,0
Dursana Dünya,Pinhani,Zaman Beklemez
FRIENDS,Marshmello,Speak Your Mind (Deluxe)
Hepsi Kafamda,Dilan Balkay,Hepsi Kafamda
Don't Be so Shy (Filatov & Karas Remix),Imany,Sous les jupes des filles (Original Motion Picture Soundtrack) [Bonus Track Version]
Günleri Geride Bırak,Şanışer,Günleri Geride Bırak
Leaves From The Vine,Lofi Fruits Music,Leaves From The Vine
For Lu Ten,L.Dre,For Lu Ten
Nothing Breaks Like a Heart (feat. Miley Cyrus),Mark Ronson,Nothing Breaks Like a Heart (feat. Miley Cyrus)
Summertime Sadness,Lana Del Rey,Born To Die - The Paradise Edition
I Know You so Well,Sarah Meow,Safe.
I'll Keep You Safe,Sarah Meow,Safe.
Take Me To Church,Hozier,Hozier
PEŞİMDE BELA,BEGE,BEGEFENDİ
2002,Anne-Marie,Speak Your Mind (Deluxe)
Infinity,Jaymes Young,Feel Something
NO,Meghan Trainor,Thank You (Deluxe Version)
All The Things She Said,t.A.T.u.,200 KM/H In The Wrong Lane (10th Anniversary Edition)
İçinde Aşk Var,Sufle,Pus
Özler Oldum,Dolu Kadehi Ters Tut,Dünyanın En İyi Albümü
#23,Dolu Kadehi Ters Tut,Dünyanın En İyi Albümü
Seni Dert Etmeler,Madrigal,Seni Dert Etmeler
Koca Yaşlı Şişko Dünya,Adamlar,Eski Dostum Tankla Gelmiş
Anlaması Lazım,Tam Benim Tarzım,Anlaması Lazım
B.S.G.,BEGE,BEGEFENDİ
GECELERİN DERDİ,BEGE,BEGEFENDİ
Uzunlar - V1,Evdeki Saat,Uzunlar
İnsan Gelir İnsan Geçer,Sena Şener,İnsan Gelir İnsan Geçer
Mesafe,Porçay,Mesafe
Aynı Sokaklarda,Şanışer,Aynı Sokaklarda
Beyler,Dolu Kadehi Ters Tut,Karanlık
Güzel Kadın,Raviş,Güzel Kadın
Ona Gitme,Batu Akdeniz,Ona Gitme
Aşk Tesadüfleri Sever,Müslüm Gürses,Aşk Tesadüfleri Sever (Mucize ve Buluşma)
Buzdan Şato,Model,Diğer Masallar
Antidepresan Gülümsemesi - Pazarlık,Model,Levla'nın Hikayesi (Bonus Edition)
Maazallah (YGA),Lin Pesto,SON
Bu Partide Yalnızsın,Lin Pesto,SON
Köhne,Gökşin Derin,Depresif
Romeonun Kırık Kalbi,Gökşin Derin,Depresif
Her Şeyi Yak,Duman,Belki Alışman Lazım
Bağımlı Karanlığa,163,Bağımlı Karanlığa
Bu Akşamda Aklımdasın,Gökşin Derin,Bu Akşamda Aklımdasın
Sarılırım Birine,Adamlar,Dünya Günlükleri
Üzgünüm,Dolu Kadehi Ters Tut,Karanlık
Yalan,Dolu Kadehi Ters Tut,Karanlık
Ela,Reynmen,Ela
Seni Seviyorum,Pera,Seni Seviyorum
Olsun,Sertab Erener,Kırık Kalpler Albümü
#24,Dolu Kadehi Ters Tut,Karanlık
Ne Farkeder,Yüzyüzeyken Konuşuruz,Ne Farkeder
New Americana,Halsey,BADLANDS (Deluxe)
New Americana,Halsey,BADLANDS
On Top Of The World,Imagine Dragons,Night Visions (Deluxe)
Radioactive,Imagine Dragons,Night Visions (Deluxe)
Natural,Imagine Dragons,Origins (Deluxe)
TANIMIYORUM,Aspova,BLACKOUT
Hele Bi Gel,Pinhani,İnandığın Masallar
Ne Güzel Güldün,Pinhani,Zaman Beklemez
Üzülmeyelim,Pinhani,Üzülmeyelim
Who You Really Are,David Arnold,Sherlock Series 4: The Final Problem (Original Television Soundtrack)
Affet,Müslüm Gürses,Aşk Tesadüfleri Sever (Mucize ve Buluşma)
Bad Liar,Imagine Dragons,Origins (Deluxe)
Sevmekten Usanmam,Pinhani,Zaman Beklemez
Dön Bak Dünyaya,Pinhani,İnandığın Masallar
Aylar Olmuş,Tuğkan,Aylar Olmuş
The Cigarette Duet,Princess Chelsea,Lil' golden Book
Let's Fall in Love for the Night (1964),FINNEAS,Blood Harmony (Deluxe)
Civciv,Tuğkan,Civciv
Sen Benim,Tuğkan,Sen Benim
Gitme,Dolu Kadehi Ters Tut,Karanlık
Karanlık,Dolu Kadehi Ters Tut,Karanlık
Madem,Dolu Kadehi Ters Tut,Karanlık
Nightlight,ILLENIUM,Nightlight
Put Your Records On,Ritt Momney,Put Your Records On
ily (i love you baby) (feat. Emilee),Surf Mesa,ily (i love you baby) (feat. Emilee)
Make You Mine,PUBLIC,Make You Mine
Let's Fall in Love for the Night,FINNEAS,Let’s Fall In Love For The Night
Bütün Istanbul Biliyo,İkiye On Kala,Bütün Istanbul Biliyo
Solo,Dan Berk,Solo
Esen,Yüzyüzeyken Konuşuruz,Akustik Travma
Sandal,Yüzyüzeyken Konuşuruz,Akustik Travma
all the good girls go to hell,Billie Eilish,"WHEN WE ALL FALL ASLEEP, WHERE DO WE GO?"
Aldattım,Dolu Kadehi Ters Tut,Dünyanın En İyi Albümü
Sevemiyorum,Perdenin Ardındakiler,Düşüş
Hear Me Roar,NerdOut,Hear Me Roar
Dinle Beni Bi',Yüzyüzeyken Konuşuruz,Akustik Travma
Demons,Imagine Dragons,Night Visions (Deluxe)
Thunder,Imagine Dragons,Evolve
Ciao Adios,Anne-Marie,Speak Your Mind (Deluxe)
FRIENDS,Marshmello,Speak Your Mind (Deluxe)
Unstoppable,Sia,This Is Acting (Deluxe Version)
Lost on You,LP,Lost on You
Love The Way You Lie,Eminem,Recovery
Attention,Charlie Puth,Voicenotes
my future,Billie Eilish,my future
Geri Dönemem,Pinhani,Kediköy
Haru wo Tsugeru,yama,Haru wo Tsugeru
Better Than Feeling Lonely,Olivia O'Brien,Better Than Feeling Lonely
Fuck Feelings,Olivia O'Brien,It's Not That Deep
Remember Me (Lullaby),Gael Garcia Bernal,Coco (Original Motion Picture Soundtrack)
Remember Me (Reunion),Anthony Gonzalez,Coco (Original Motion Picture Soundtrack)
Uyursam Geçer Mi?,Eskitilmiş Yaz,Kıyılara
Bu Sokakta,Şanışer,Live Sessions (Sezon 2)
Balance ton quoi,Angèle,Brol
"Me, Myself & I",G-Eazy,When It's Dark Out
Believer,Imagine Dragons,Evolve
Needs,Verzache,Needs
Sweater Weather,The Neighbourhood,I Love You.
Sen Ona Aşıksın - Kabullenme,Model,Levla'nın Hikayesi (Bonus Edition)
Çok Alıştım Sana,Pinhani,Çok Alıştım Sana
Sendin Düşmanım,Sena Şener,İnsan Gelir İnsan Geçer
Pembe Mezarlık,Model,Diğer Masallar
Someone To You,BANNERS,Empires On Fire
Kazılı Kuyum,Yüzyüzeyken Konuşuruz,Kazılı Kuyum
Bak Bana,Sena Şener,İnsan Gelir İnsan Geçer
Yalnızım,Sena Şener,İnsan Gelir İnsan Geçer
Her An Gidebilirim,Sena Şener,Her An Gidebilirim
Birden Geldin Aklıma,Tuna Kiremitçi,Tuna Kiremitçi ve Arkadaşları
Disconnected,5 Seconds of Summer,She Looks So Perfect (B-Sides)
As the World Caves In,Matt Maltese,As the World Caves In
Fall for You,Secondhand Serenade,A Twist in My Story
Lonely,Noah Cyrus,THE END OF EVERYTHING
Still Loving You,Scorpions,Comeblack
Dream A Little Dream Of Me - Single Version,Ella Fitzgerald,"Love, Ella"
Acının İlacı,Adamlar,Rüyalarda Buruşmuşuz
Mutlu Olmak Zordur Derler (Akustik),Canozan,Mutlu Olmak Zordur Derler (Akustik)
Sevmemeliyiz,Sena Şener,İnsan Gelir İnsan Geçer
When I Look At You,Miley Cyrus,The Time Of Our Lives (International Version)
Can You Feel My Heart,Bring Me The Horizon,Sempiternal (Expanded Edition)
Bütün İstanbul Biliyo,İkiye On Kala,Bütün İstanbul Biliyo
Ölsem,Sena Şener,Ölsem
Öyle Kolay Aşık Olmam (Akustik),Canozan,Öyle Kolay Aşık Olmam (Akustik)
Ah,Duman,Belki Alışman Lazım
Yıldızlara,Yasir Miy,Yıldızlara
Bu Şarkı Aşka Yazıldı,Cem Adrian,Bu Şarkı Aşka Yazıldı
Ölsem Yeridir,Yüzyüzeyken Konuşuruz,Ölsem Yeridir
Bodrum,Yüzyüzeyken Konuşuruz,Akustik Travma
Sen Istersin,Sedef Sebüktekin,Sen Istersin
Zaten Kırılmış Bir Kızsın,Bağzıları,Bize Kalsın
Chlorine,Twenty One Pilots,Trench
Benimle Kayboldun,Kaan Boşnak,Demos
Obsession - Radio Edit,Consoul Trainin,Obsession
I Can't Fall in Love Without You,Zara Larsson,So Good
Kasmicam,Lust,Kasmicam
Kara Geceler,Şanışer,Kara Geceler
Yalan,Şanışer,Yalan
"Genius (feat. Sia, Diplo, and Labrinth)",Sia,"LABRINTH, SIA & DIPLO PRESENT... LSD"
9 Yıl Öncesine Mektup,Şanışer,Onuncu Gün
505,Arctic Monkeys,Favourite Worst Nightmare
Benim İçin Daha Zor,Lia Shine,Benim İçin Daha Zor
Bari Bunu Yap,Lia Shine,Bari Bunu Yap
The Drug In Me Is You,Falling In Reverse,The Drug In Me Is You
Sweather Weather,Fuelled Dancefloor,Dance Mania Smashes
Fairytale,Alexander Rybak,Fairytale
X Değişmez,Xir,XX
Kanayan Yaralar,Aspova,MATRIX (Blue)
Denedim,Tepki,Output Nr.1
Beni Duy,No.1,P.I.V
DRUM GO DUM,K/DA,ALL OUT
Aşk Dediğin,Oğuzhan Koç,Ev
Aşk Dediğin,Majeste,Aşk Dediğin
Sensiz Ben,Pera,Giz
Renkli Rüyalar Oteli,Teoman,Koyu Antoloji
Dönersen Islık Çal,Manuş Baba,Dönersen Islık Çal
Eteği Belinde,Manuş Baba,Dönersen Islık Çal
Break My Heart Again,FINNEAS,Blood Harmony (Deluxe)
Let's Fall in Love for the Night,FINNEAS,Blood Harmony (Deluxe)
If You Want Love,NF,Perception
Do I Wanna Know?,Arctic Monkeys,AM
R U Mine?,Arctic Monkeys,AM
I Wanna Be Yours,Arctic Monkeys,AM
Why'd You Only Call Me When You're High?,Arctic Monkeys,AM
VILLAIN,K/DA,ALL OUT
No Lie,Sean Paul,Mad Love The Prequel
Belki De,Tuğkan,Duble
Oh Lord,NF,Therapy Session
Hymn for the Weekend,Coldplay,A Head Full of Dreams
Dancing in My Room,347aidan,Dancing in My Room
It's Ok,Tom Rosenthal,The Pleasant Trees
Another Love,Tom Odell,Long Way Down
we fell in love in october,girl in red,we fell in love in october / forget her
Half A Man,Dean Lewis,A Place We Knew
Wait,M83,"Hurry up, We're Dreaming"
Lonely Again,Bangers Only,"Bangers Only, Vol. 1"
Half Light,BANNERS,Half Light
idontwannabeyouanymore,Billie Eilish,dont smile at me
Breathe Me,Sia,Colour The Small One
1996,Hazel,1996
Courage to Change,Sia,Courage to Change
Dancing With Your Ghost,Sasha Alex Sloan,Dancing With Your Ghost
I Lost a Friend,FINNEAS,Blood Harmony (Deluxe)
Train Wreck,James Arthur,Back from the Edge
Snowman,Sia,Everyday Is Christmas (Deluxe Edition)
Mr/Mme,Loïc Nottet,Sillygomania
Numb,Dotan,Numb
Arcade,Duncan Laurence,Arcade
High Enough,K.Flay,Every Where Is Some Where
Partners in Crime (feat. Ash Costello),Set It Off,Cinematics (Expanded Edition)
A Little Messed Up,june,A Little Messed Up
Life Letters,Never Get Used To People,Life Letters
Control,Halsey,BADLANDS (Deluxe)
Breathe,Olly Alexander (Years & Years),Take Shelter
Why Do You Love Me,Charlotte Lawrence,Why Do You Love Me
Crossfire,Stephen,Sincerely
No Scrubs,Unlike Pluto feat. Joanna Jones,No Scrubs
Blood // Water,grandson,Blood // Water
Castle in the Snow,Kadebostany,Pop Collection
Him & I (with Halsey),G-Eazy,The Beautiful & Damned
Lush Life,Zara Larsson,So Good
Stressed Out,Twenty One Pilots,Blurryface
Devil Eyes,Hippie Sabotage,Providence
Ride,Twenty One Pilots,Blurryface
Let Me Down Slowly,Alec Benjamin,Narrated For You
everything i wanted,Billie Eilish,everything i wanted
Genç Ölemem,Lia Shine,WBR
Yalan,Per,Yalan
Ben Gibi Bakmaz,Lia Shine,Ben Gibi Bakmaz
Sonsuza Dek,Lia Shine,WBR
Sür Ya da Öl,Şehinşah,666
Sen Lazım,Lia Shine,Sen Lazım
Değiştin,Lia Shine,Değiştin
Benimle Ateş Et,Lia Shine,Benimle Ateş Et
Her Şeyi Yak,Barış Akarsu,Ayrılık Zamansız Gelir
Belki de Aşık Oldun,Pera,Mutlu Ol
Dönme,Batuhan Kordel,Dönme
Mutluyum Ama Birazdan Geçer,İkiye On Kala,Eski Yeşil Araba
Geber,Tuğkan,Geber
Böyle Sever,Kahraman Deniz,19
Her Şey Yolunda,Nasıl Yani,Her Şey Yolunda
Ölürüm Hasretinle,Seksendört,Seksendört
Ölüm İle Yaşam,Anıl Piyancı,Ölüm İle Yaşam
Kendime Yalan Söyledim,Seksendört,Akiyor Zaman
Bırakman Doğru Mu 2,Zeynep Bastık,Bırakman Doğru Mu 2
Cevapsız Sorular,maNga,Şehr-i Hüzün
Ben Yola Gelmem,Kahraman Deniz,6
O Ben Olamam,Mavi Gri,O Ben Olamam
Kusura Bakma,Tuğkan,Kusura Bakma
Aşk Bir Mevsim,Pinhani,Aşk Bir Mevsim
Gece Mavisi,Elyas & Taha,Gece Mavisi
Benim Ol Dedin,Barış Kocatürk,Benim Ol Dedin
Hayalin Yeri Yok (Akustik),Allame,Hayalin Yeri Yok (Akustik)
Gözlerime Bak,Şam,Gözlerime Bak
Böyle Gitme,Kendimden Hallice,Böyle Gitme
kötüyüm galiba,uclercagri,turuncu
Yüce Aşk,Motive,Yüce Aşk
sanki hevesim hiç kırılmamış gibi,Berkay Altunyay,sanki hevesim hiç kırılmamış gibi
Yine de Üzgün,üçkuruş,Yine de Üzgün
Gerek mi var,Bedo,"Pmc Legacy, Vol.1"
Gitme Demem,İzah,Gitme Demem
10,SARU,10
Bilmem,Resit Kemal,Bilmem
Siz Bana Aldırmayın - Akustik,Dolu Kadehi Ters Tut,Siz Bana Aldırmayın (Akustik)
Baktın Olmuyo (Akustik),Canozan,Dolunay
Halledebilirdik,Birileri,Bir İleri
Ölüyorum Anlasana,Nazan Öncel,Sokak Kızı
Öyle Çok,Pera,Mutlu Ol
Okyanus - Live,Elçin Orçun,Okyanus
Kır Papatyası,Bahadır Sağlam,Mavi
Seni Çok Özlüyorum,Tuğkan,Seni Çok Özlüyorum
Kendime,Perdenin Ardındakiler,Kendime
Sar Bu Şehri (Akustik),Canozan,Dolunay
Elleri Ellerime,Duman,Duman 2
Rol,Lia Shine,Rol
